# variant,parent,name,u,v,mirror,x,y,z,dx,dy,dz,pivotX,pivotY,pivotZ,rotX,rotY,rotZ
both,head,hood_1,16,7,false,-4.5,-9.0,-4.6,9,9,9,0,0,0,0,0,0
both,head,hood_2,52,13,false,-4.0,-9.7,2.0,8,9,3,0,0,0,-0.2268928,0,0
both,head,hood_3,52,14,false,-3.5,-10.0,3.5,7,8,3,0,0,0,-0.3490659,0,0
both,head,hood_4,53,15,false,-3.0,-10.7,3.5,6,7,3,0,0,0,-0.5759587,0,0
both,body,middle_belt,16,55,false,-4.0,7.0,-3.0,8,5,1,0,0,0,0,0,0
both,body,middle_belt_back,16,55,false,-4.0,7.0,-4.0,8,5,1,0,0,0,0,3.141593,0
both,body,middle_belt_left,16,36,false,4.0,8.0,-3.0,1,3,6,0,0,0,0,0,0
both,body,middle_belt_right,16,36,false,-5.0,8.0,-3.0,1,3,6,0,0,0,0,0,0
outer,body,chest_thing,56,50,false,-2.5,1.0,-4.0,5,7,1,0,0,0,0,0,0
outer,body,cloth_chest_left,108,38,true,2.1,0.5,-3.5,2,8,1,0,0,0,0,0,0
outer,body,cloth_chest_right,108,38,false,-4.1,0.5,-3.5,2,8,1,0,0,0,0,0,0
outer,body,book,81,16,false,1.0,0.0,4.0,5,7,2,0,0,0,0,0,0.7679449
outer,body,scroll,78,25,false,-2.0,9.5,4.0,8,3,3,0,0,0,0,0,0.1919862
outer,body,backplate,36,45,false,-4.0,1.0,1.9,8,11,2,0,0,0,0,0,0
outer,body,chestplate,16,25,false,-4.0,1.0,-3.0,8,6,1,0,0,0,0,0,0
both,rightArm,shoulder,16,45,true,-3.5,-2.5,-2.5,5,5,5,0,0,0,0,0,0
both,rightArm,arm_1,88,39,false,-3.5,2.5,-2.5,5,7,5,0,0,0,0,0,0
both,rightArm,arm_2,76,32,false,-3.0,5.5,2.5,4,4,2,0,0,0,0,0,0
both,rightArm,arm_3,88,32,false,-2.5,3.5,2.5,3,2,1,0,0,0,0,0,0
both,rightArm,shoulder_plate_top,56,25,false,-5.5,-2.5,-3.5,2,1,7,0,0,0,0,0,0.4363323
both,rightArm,shoulder_plate_1,56,33,false,-4.5,-1.5,-3.5,1,4,7,0,0,0,0,0,0.4363323
both,rightArm,shoulder_plate_2,40,33,false,-3.5,1.5,-3.5,1,3,7,0,0,0,0,0,0.4363323
both,rightArm,shoulder_plate_3,40,33,false,-2.5,3.5,-3.5,1,3,7,0,0,0,0,0,0.4363323
both,leftArm,shoulder,16,45,true,-1.5,-2.5,-2.5,5,5,5,0,0,0,0,0,0
both,leftArm,arm_1,88,39,true,-1.5,2.5,-2.5,5,7,5,0,0,0,0,0,0
both,leftArm,arm_2,76,32,false,-1.0,5.5,2.5,4,4,2,0,0,0,0,0,0
both,leftArm,arm_3,88,32,false,-0.5,3.5,2.5,3,2,1,0,0,0,0,0,0
both,leftArm,shoulder_plate_top,56,25,false,3.5,-2.5,-3.5,2,1,7,0,0,0,0,0,-0.4363323
both,leftArm,shoulder_plate_1,56,33,false,3.5,-1.5,-3.5,1,4,7,0,0,0,0,0,-0.4363323
both,leftArm,shoulder_plate_2,40,33,false,2.5,1.5,-3.5,1,3,7,0,0,0,0,0,-0.4363323
both,leftArm,shoulder_plate_3,40,33,false,1.5,3.5,-3.5,1,3,7,0,0,0,0,0,-0.4363323
inner,body,front_cloth_r1,108,38,false,0.0,0.0,0.0,3,8,1,-3.0,11.0,-2.9,-0.1047198,0,0
inner,body,front_cloth_r2,108,47,false,0.0,7.5,1.7,3,3,1,-3.0,11.0,-2.9,-0.3316126,0,0
inner,body,front_cloth_l1,108,38,true,0.0,0.0,0.0,3,8,1,0.0,11.0,-2.9,-0.1047198,0,0
inner,body,front_cloth_l2,108,47,true,0.0,7.5,1.7,3,3,1,0.0,11.0,-2.9,-0.3316126,0,0
inner,body,cloth_back_r1,118,16,true,0.0,0.0,0.0,4,8,1,-4.0,11.5,2.9,0.1047198,0,0
inner,body,cloth_back_r2,123,9,false,0.0,7.8,-0.9,1,2,1,-4.0,11.5,2.9,0.2268928,0,0
inner,body,cloth_back_r3,120,12,true,1.0,7.8,-0.9,3,3,1,-4.0,11.5,2.9,0.2268928,0,0
inner,body,cloth_back_l1,118,16,false,0.0,0.0,0.0,4,8,1,0.0,11.5,2.9,0.1047198,0,0
inner,body,cloth_back_l2,123,9,true,3.0,7.8,-0.9,1,2,1,0.0,11.5,2.9,0.2268928,0,0
inner,body,cloth_back_l3,120,12,false,0.0,7.8,-0.9,3,3,1,0.0,11.5,2.9,0.2268928,0,0
both,rightLeg,leg_panel_4,76,38,false,-3.0,0.5,-3.5,2,3,1,0,0,0,-0.4363323,0,0
both,rightLeg,leg_panel_5,76,42,false,-3.0,2.5,-2.5,2,3,1,0,0,0,-0.4363323,0,0
both,rightLeg,leg_panel_6,82,38,false,-3.0,4.5,-1.5,2,3,1,0,0,0,-0.4363323,0,0
both,rightLeg,side_panel_1,116,25,true,-2.5,0.5,-2.5,1,4,5,0,0,0,0,0,0.4363323
both,rightLeg,side_cloth_1,116,42,false,-2.5,0.5,-2.5,1,5,5,0,0,0,0,0,0.122173
both,rightLeg,side_cloth_2,116,34,false,-1.5,5.5,-2.5,1,3,5,0,0,0,0,0,0.296706
both,rightLeg,side_cloth_3,116,1,false,0.4,8.4,-2.5,1,3,5,0,0,0,0,0,0.5235988
both,leftLeg,leg_panel_4,76,38,true,1.0,0.5,-3.5,2,3,1,0,0,0,-0.4363323,0,0
both,leftLeg,leg_panel_5,76,42,true,1.0,2.5,-2.5,2,3,1,0,0,0,-0.4363323,0,0
both,leftLeg,leg_panel_6,82,38,true,1.0,4.5,-1.5,2,3,1,0,0,0,-0.4363323,0,0
both,leftLeg,side_panel_1,116,25,false,1.5,0.5,-2.5,1,4,5,0,0,0,0,0,-0.4363323
both,leftLeg,side_cloth_1,116,42,false,1.5,0.5,-2.5,1,5,5,0,0,0,0,0,-0.122173
both,leftLeg,side_cloth_2,116,34,false,0.5,5.5,-2.5,1,3,5,0,0,0,0,0,-0.296706
both,leftLeg,side_cloth_3,116,1,false,-1.4,8.4,-2.5,1,3,5,0,0,0,0,0,-0.5235988
inner,leftLeg,focus_pouch,100,20,false,3.5,0.5,-2.5,3,6,5,0,0,0,0,0,-0.122173
